,0,1,2,3,4,5,6,7,8,9,10,11,12,13,14,15,16,17,18
0,RT @newsmax: Cuomo steps up his defense as AOC joins a list of lawmakers calling for a nursing home investigation: https://t.co/XtIJmLPdVV‚Ä¶,2021-02-20 17:58:34,1363186294558494727,ObjectiveCryptoAnalysis,majning,933782730055274496,Czech Republic,,#Cryptocurrency #Blockchain #data #privacy #security,False,384,594,13164,13298,0,2017-11-23 19:42:06,https://pbs.twimg.com/profile_images/954339738596577280/VXSgbAWO_normal.jpg,True,False
1,"RT @Mippcivzla: üó£Ô∏è ¬°ùêìùêéùêåùêÄ ùêèùêëùêÑùêÇùêÄùêîùêÇùêàùêéÃÅùêç ! ‚úçÔ∏èüáªüá™ 

Ya que el Coronavirus se puede transmitir f√°cilmente de persona a persona, es necesario adopt‚Ä¶",2021-02-20 17:58:33,1363186294025838595,Rojo20207,rojo20207,1331045937158959110,"Maracaibo, Venezuela",,Ch√°vez y maduro x 100 pre,False,173,161,241,25682,0,2020-11-24 01:24:25,https://pbs.twimg.com/profile_images/1331046097263980544/GDOgTBvL_normal.jpg,True,False
2,Banquer va gonfler le chiffres de cas positifs avec les tests salivaires. Ce gouvernement est pr√™t √† tout pour nous‚Ä¶ https://t.co/3kqzSjZ69a,2021-02-20 17:58:32,1363186286199267329,En qu√™te de v√©rit√©,no_incognito_00,1864370768,pas loin de vous,,"¬´A chaque fois que vous vous retrouvez √† penser comme la majorit√© des gens, faites une pause, et r√©fl√©chissez...¬ª¬†",False,29,99,506,647,0,2013-09-14 16:47:32,https://pbs.twimg.com/profile_images/1350174071871434759/KVJg_Utd_normal.jpg,True,False
3,RT @chicagotribune: The COVID-19 relief package could pass Congress as early as the end of next week https://t.co/8Fv9gYVtgr,2021-02-20 17:58:31,1363186283573575687,F Frazier,Literacy_Lights,2643825305,"Chicago, IL",,"Literacy advocate, coach, educator, PD provider, consultant, book nerd, life-long learner and card carrying member of a loving family.",False,428,558,44936,37871,91,2014-06-26 12:43:46,https://pbs.twimg.com/profile_images/642822165079937024/iey6skTP_normal.jpg,True,False
4,"RT @KenRoth: Why is Beijing refusing to share with WHO:
1. Anonymized case information on the half of the Dec 2019 Covid cases with no conn‚Ä¶",2021-02-20 17:58:30,1363186280633229312,Myo Yu Nwe,MyoYuNwe1,1359117075646615556,,,,False,1,35,0,502,0,2021-02-09 12:29:47,https://pbs.twimg.com/profile_images/1361989079106162689/fXJ4KO51_normal.jpg,True,False
5,"@BretonSteph35 Si le coronavirus attaquait le cerveau, j‚Äôen connais qui ne seraient pas infect√©s...",2021-02-20 17:58:29,1363186276652974081,Olibriusüêüüá™üá∫ü•®#GainsbourgForever,Olibrius45,858283869908369409,,,"Quand on ignore ce qu‚Äôest la libert√© d‚Äôexpression, on ferme sa gueule !",False,571,683,23981,54087,2,2017-04-29 11:36:35,https://pbs.twimg.com/profile_images/1346413682310459392/81-Dgm4n_normal.jpg,True,False
6,@AdithyaR_YXE @PremierScottMoe Let‚Äôs Lead Scott! If we can‚Äôt get access to vaccines let‚Äôs go at if from another ang‚Ä¶ https://t.co/OtFIPEYVzI,2021-02-20 17:58:29,1363186276644515845,threeOsixFarmer,threeOsixFarmer,1322210728007266304,,,,False,1,4,2,6,0,2020-10-30 16:16:29,https://pbs.twimg.com/profile_images/1322212007903256578/oLiAR7V6_normal.jpg,True,False
7,RT @nbody6: El √∫ltimo Reporte Variante Epidemiol√≥gico es del 30 de enero. Supongo que siguen buscando otras variantes entre los contagiados‚Ä¶,2021-02-20 17:58:29,1363186275608645644,Isabeau,sophieflor3nce,3030865378,,,,False,104,520,25304,19782,3,2015-02-11 17:36:36,https://pbs.twimg.com/profile_images/1227348372870385664/dYgHRvz3_normal.jpg,True,False
8,"RT @beltrandelrio: Alguien que reta permanentemente al coronavirus no usando cubrebocas, tarde o temprano se va a contagiar y va contagiar‚Ä¶",2021-02-20 17:58:29,1363186274752987137,Yleana Vargas Gonz√°lez,RBV56640371,1222865391418036224,,,Especialista en Escritura Fina ‚úíüìú,False,149,600,10607,7734,0,2020-01-30 12:53:38,https://pbs.twimg.com/profile_images/1334520076654039041/9kyHixHc_normal.jpg,True,False
9,"RT @globalnewsto: As of 8 p.m. Friday, Ontario has administered 540,129 COVID-19 vaccine doses, which is up by 21,295. https://t.co/y7J7kS1‚Ä¶",2021-02-20 17:58:29,1363186274534883328,James Swartz,JamesSwartz60,124018174,"Vaughan, Ontario, Canada",https://t.co/9a5AsG94CH,Official Account of James Swartz. I am a professional lyricist/song writer who has a collection of material that is either published/looking to be published.,False,2689,1793,202850,202753,167,2010-03-18 00:17:11,https://pbs.twimg.com/profile_images/378800000719170848/500f18d6191222743f43dbc9d591073c_normal.jpeg,False,False
10,Poll: Less than Half of China‚Äòs Health Workers Want Chinese Coronavirus Vaccine https://t.co/6UexGc2qOO via @BreitbartNews,2021-02-20 17:58:29,1363186273729482753,Cara TXZEAL,Cara_TXZEAL,4817958794,"Texas, USA",,GAB & Parler @ txsoutherngrace  MAGA Researcher Entrepreneur Health Wellness Weight Loss Nutrition non-GMO Autoimmune News/PoliticsJunkie Conservative,False,8575,8212,594320,197089,39,2016-01-26 19:18:50,https://pbs.twimg.com/profile_images/1347341999486210057/-c1vWWZL_normal.jpg,False,False
11,RT @Milenio: Hugo L√≥pez-Gatell da positivo a coronavirus https://t.co/ZVLtc7xg7V https://t.co/GMlrZO0u4v,2021-02-20 17:58:29,1363186273544933376,Anibal Guerrero Guer,anibal_guer,3023975493,,,,False,3508,5004,0,111295,25,2015-02-07 22:19:17,https://pbs.twimg.com/profile_images/566001231298969600/bKPRwDzZ_normal.jpeg,True,False
12,RT @newsmax: Cuomo steps up his defense as AOC joins a list of lawmakers calling for a nursing home investigation: https://t.co/XtIJmLPdVV‚Ä¶,2021-02-20 17:58:28,1363186272680951811,Joshua,Shenanigans6,3425371798,"Charlotte, NC",,"In God we trust. Conservative, Patriot, PRO #Humanity PRO #2A",False,142,364,532,9728,9,2015-08-16 06:01:04,https://pbs.twimg.com/profile_images/921349886913769473/wLr3rzw-_normal.jpg,True,False
13,"RT @MihirkJha: ""Allah ko 2011 mai hi pata tha ki 2020 mai Coronavirus aayega - isliye aapke liye Kabristan bhi humne time pe bana diya hai""‚Ä¶",2021-02-20 17:58:28,1363186272253009927,Vellapanti.Com,IndiaOnTop2025,141166168,"New Delhi, India",,"‡§¶‡•á‡§∂‡§π‡§ø‡§§ ‡§∏‡§∞‡•ç‡§µ‡•ã‡§™‡§∞‡§ø‡•§ 
‡§≠‡§æ‡§∞‡§§, ‡§â‡§§‡•ç‡§§‡§Æ ‡§∏‡•á ‡§∏‡§∞‡•ç‡§µ‡•ã‡§§‡•ç‡§§‡§Æ ‡§ï‡•Ä ‡§ì‡§∞ ‡§Ö‡§ó‡•ç‡§∞‡§∏‡§∞ üôè‡•§",False,60,374,8614,2364,0,2010-05-07 10:18:52,https://pbs.twimg.com/profile_images/1197513298276573185/iS0ydxUQ_normal.jpg,False,False
14,"RT @miob1781: @wenig_worte ""Wenn wir zur√ºckschauen auf die Russische Grippe vor 120, 130 Jahren - wir nehmen heute an, dass es ein Coronavi‚Ä¶",2021-02-20 17:58:28,1363186271724703744,Kerstin,me_for_earth,1213274423064547329,Berlin,,"‚ù§ Wir sind Antifa. ‚ù§
#LeaveNoOneBehind
#TeamWissenschaft
#YesToNoCovid",False,720,2118,113187,85519,3,2020-01-04 01:42:30,https://pbs.twimg.com/profile_images/1213591585247510529/mre-Xa1i_normal.jpg,True,False
15,"New Zealand begins Covid vaccine rollout, starting with border workers | Coronavirus | The Guardian https://t.co/htgCjVsnDC",2021-02-20 17:58:28,1363186269996658692,Carmen Shier,CarmenShier,987742428,,,"My life is governed by science, logic and reason. I love crafting. I‚Äôm a mother of 3. Life long liberal and proud of it.",False,172,615,34291,39730,1,2012-12-04 01:00:43,https://pbs.twimg.com/profile_images/1260204284307742721/PZLwpVPQ_normal.jpg,True,False
16,"RT @politico: President Joe Biden‚Äôs presidency hinges in large part on his success in handling the pandemic. But nearly a month into power,‚Ä¶",2021-02-20 17:58:28,1363186269967306763,onceayankee,onceayankee55,131204438,"Tallahassee, FL, USA",,"Physical Therapist & USSF & USC licensed soccer coach. I played college ice hockey (& rugby), at Miami of Ohio. Former professional ice hockey referee",False,2991,4623,224093,188664,5,2010-04-09 15:47:59,https://pbs.twimg.com/profile_images/1282706160500518920/3ZKKdsjK_normal.jpg,False,False
17,"RT @odonnellmaria: Hugo Moyano confirm√≥ a @marianoemartin que √©l, su mujer y el hijo de ambos, de 20 a√±os, se vacunaron contra el coronavir‚Ä¶",2021-02-20 17:58:27,1363186268939689984,lavidaesbella,estelascarione,4105049614,"Entre R√≠os, Argentina",,"Abuela, jubilada, disfruto la alegria de vivir en familia. Mis hijos y nietos, lo mejor que Dios me di√≥.",False,3492,4986,162778,183602,6,2015-11-03 14:04:45,https://pbs.twimg.com/profile_images/670378397349117953/_Y6PcuPi_normal.jpg,True,False
18,"RT @TexasTribune: After this week‚Äôs storm delayed the delivery of hundreds of thousands of COVID-19 vaccines, Texas will receive nearly 600‚Ä¶",2021-02-20 17:58:27,1363186264975974402,Gale L Childers,GLChilders,62894404,"Houston, TX",,,False,77,182,3301,3450,1,2009-08-04 18:47:56,https://pbs.twimg.com/profile_images/595048037883359233/AJQkq40__normal.jpg,False,False
19,#kinderen #ophokplicht #coronavirus #kabinet #regering https://t.co/6sYss83kby,2021-02-20 17:58:26,1363186264535691268,Kees Verwoert,kverwoert1,3360256055,,,,False,55,397,1338,1226,0,2015-07-05 09:35:20,https://pbs.twimg.com/profile_images/617706379017633796/K4khKnBH_normal.jpg,True,False
20,@fugioutliberem @keatssycamore Try to see if they can use v-safe to report the side effects: https://t.co/RDgxZ6BxCs https://t.co/0xM4fn86zC,2021-02-20 17:58:26,1363186263877058561,putridities üôÇ,putridities,105402879,,,"Phrasemonger, fearmonger, fastest walker ever seen",False,290,262,86955,5831,8,2010-01-16 07:05:02,https://pbs.twimg.com/profile_images/1361420397388828672/GHvWDMNY_normal.jpg,False,False
21,"@UltVioletRae @ComradeCutie Believed to be Coronavirus is quite the statement

Not the ""going viral"" I'm thinking of, that's for sure üò¨",2021-02-20 17:58:26,1363186263478648835,Trakoüí•,TrakoZG,401178082,BlackLivesMatter,,"IT Demon | Computer Surgeon | Technology Whisperer | 
Bad Movie Connoisseur | Sci-Fi Buff | Horror Film Empath 

{They/He} 

also at @trako@mastodon.social",False,592,1950,202393,95887,43,2011-10-30 05:16:56,https://pbs.twimg.com/profile_images/1058744224617717762/uAbvXghU_normal.jpg,False,False
22,"RT @doctimcook: Lots of interest in ambulance staff and risk of COVID today

Our December analysis of @ONS data in @HSJnews confirmed ambul‚Ä¶",2021-02-20 17:58:25,1363186260328734721,WelshGP,gp_welsh,1232094583372341254,"Wales, United Kingdom",,GP.  Wales.  The clue‚Äôs in the name.,False,279,345,7356,3592,2,2020-02-25 00:07:05,https://pbs.twimg.com/profile_images/1362502972505210882/Yl2Lf77o_normal.jpg,True,False
23,"RT @Agencia_Andina: #AndinaEnglish Peru: Coronavirus cases total 1,269,523; 1,169,648 have been discharged https://t.co/GItiXEeuO7 https://‚Ä¶",2021-02-20 17:58:25,1363186260236500992,üéÉ Fashionista1k üéÉ (New York) üóΩ,FASHIONISTA1K,260625150,"New York, Estados Unidos",https://t.co/Ao9Qt17ZRC,"Hola amigos desde New York hoy, les saluda un soldado m√°s de Alianza Lima, somos el planeta, somos el futuro, estamos en Facebook , Instagram, Youtube y TikTok.",False,1529,3717,14527,42387,7,2011-03-04 07:27:30,https://pbs.twimg.com/profile_images/1288748083996655617/3pkQwYny_normal.jpg,False,False
24,RT @Milenio: Hugo L√≥pez-Gatell da positivo a coronavirus https://t.co/ZVLtc7xg7V https://t.co/GMlrZO0u4v,2021-02-20 17:58:25,1363186259468775427,LEO ROSAS,Leogon25,258827457,,,,False,23,140,8,674,0,2011-02-28 15:54:31,https://pbs.twimg.com/profile_images/1259601869/judo_215725_normal.jpg,True,False
25,RT @tagesschau: Folge der Coronakrise: Generation Nichtschwimmer? https://t.co/hlZQO183ur #Coronavirus #Schwimmen #Kinder,2021-02-20 17:58:25,1363186259338887170,üé≤Pitbull-Mama at homeüé≤ üêæüêæüê∂üê±,Kunstlinse,82863511,"Hamm, NRW, Deutschland",https://t.co/7yFUE2d2AQ,"Rheinl√§nderin, Fotos, B√ºcher, Snooker, Musik, Kaffee&Tee, Kochen, Tiere, kann selbst denken, Tyketto & Hardrock, Dr. Who,  #NoNazis #NoAfD",False,377,245,321667,61601,11,2009-10-16 12:21:22,https://pbs.twimg.com/profile_images/1103397512109584389/N-5OKNjD_normal.jpg,False,False
26,"RT @Mippcivzla: üìå ùôÑùô£ùôõùô§ÃÅùôßùô¢ùôñùô©ùôö üß¨ 

Reduce el riesgo de infecci√≥n del Coronavirus (Covid-19) con las siguientes medidas  al ir en un veh√≠culo‚Ä¶",2021-02-20 17:58:24,1363186255375314949,Yoselin Kelly Escorcia,YoselinKellyEs1,1341766942034714625,"San Francisco, Estado Zulia.",https://t.co/1FzxsVJRZG,"Venezolana, Estudiante Universitaria de la Carrera Ingenier√≠a en Gas.",False,372,687,465,12292,0,2020-12-23 15:26:12,https://pbs.twimg.com/profile_images/1341767562351308809/VJHofzsK_normal.jpg,True,False
27,"RT @latinus_us: Hugo L√≥pez-Gatell, subsecretario de Salud, da positivo a #COVID19. #Coronavirus
#Latinus #Informaci√≥nParaTi 
https://t.co/C‚Ä¶",2021-02-20 17:58:24,1363186254393794560,Dan,danurgell,1007805438,"Tabasco, M√©xico",,Seguimos en casa üë§,False,552,1326,36247,25442,11,2012-12-13 02:25:03,https://pbs.twimg.com/profile_images/1347714508899422211/cyr9rNyx_normal.jpg,False,False
28,@BorisJohnson @MattHancock #coronavirus #COVID19 #BorisJohnson @piersmorgan #goodmorningbritain https://t.co/HwZONOUKkD,2021-02-20 17:58:24,1363186254049902595,Binxeeeeee,binxeeeeee,3368484928,,,"Proud mummy to an Angel üòá 

https://t.co/3ZFGZwLKb0‚Ä¶  

No animals left to freeze to death ‚ù§",False,19,143,752,578,0,2015-07-10 00:11:03,https://pbs.twimg.com/profile_images/1352018193531990016/IW2_7YFw_normal.jpg,True,False
29,"RT @beltrandelrio: Alguien que reta permanentemente al coronavirus no usando cubrebocas, tarde o temprano se va a contagiar y va contagiar‚Ä¶",2021-02-20 17:58:23,1363186251977875458,Jorge Pelaez,jpelaez,19397626,"Cancun, Mexico",https://t.co/xG9TK2xMnt,"Profesional del #marketingdigital #disenografico #fotografia y #drones.
Amante de #cancun",False,1184,1601,993,8746,95,2009-01-23 15:14:37,https://pbs.twimg.com/profile_images/688397327518728192/gS60gr0j_normal.jpg,False,False
30,"RT @OmanReagan: @BCGovNews ""Based on the current projections, the current pandemic controls may not be enough to fully control the variants‚Ä¶",2021-02-20 17:58:22,1363186247439585281,BC Think Tank ü§î: Covid Chapter,COVIDUpdate2020,1232884642363006976,"British Columbia, Canada",,"Former Senior Communications Advisor for the govts of BC, NWT and Canada. #ZeroCOVID is the way. #bcpoli #bced #COVID19 #Resistance",False,12189,12058,83406,23702,19,2020-02-27 04:26:39,https://pbs.twimg.com/profile_images/1233672888974135297/maiGU3Mz_normal.jpg,True,False
31,RT @jsolomonReports: Johns Hopkins doc: U.S. may hit COVID herd immunity ‚Äòby April‚Äô | Just The News https://t.co/ZkvoaW3BZw,2021-02-20 17:58:22,1363186246865068032,President Elect Bronwyn,bronwyn1140,2492877258,,,"‚ÄúI tell you truth, if anyone says to the mountain, ‚ÄòGo, throw yourself into the sea,‚Äô not doubting in his heart but believing, it will be done for him.""",False,4647,5027,174795,225311,21,2014-05-13 12:13:26,https://pbs.twimg.com/profile_images/530568832520179712/lBc1f_I4_normal.jpeg,True,False
32,"RT @beltrandelrio: Alguien que reta permanentemente al coronavirus no usando cubrebocas, tarde o temprano se va a contagiar y va contagiar‚Ä¶",2021-02-20 17:58:22,1363186244428001280,Tan s√≥lo un Inge,ingercivil_85,589119736,,,"Alg√∫n d√≠a tu y yo iremos a donde siempre hemos querido, a hacer lo que siempre hemos pensado .......",False,239,698,133833,16928,0,2012-05-24 13:22:56,https://pbs.twimg.com/profile_images/987854137474932743/nsZyVMLQ_normal.jpg,False,False
33,https://t.co/RqHRROl5LT,2021-02-20 17:58:21,1363186243488665608,Pol Treeskin,DeluxpolX,3050052790,,,,False,2,38,220,279,0,2015-02-21 15:40:05,https://pbs.twimg.com/profile_images/569210764209057792/YZAKY_iI_normal.jpeg,False,False
34,RT @TorontoFarmEN: The explosive for today: Broad discussion as a goal: Prof. Roland Wiesendanger has published a study in which he sheds l‚Ä¶,2021-02-20 17:58:20,1363186237130092547,ChrisT,TransportChris,476953217,Newcastle upon-Tyne,,"Transport Planning student interested in all things Transport, and fan of Newcastle",False,1421,5001,138068,6726,6,2012-01-28 17:35:58,https://pbs.twimg.com/profile_images/3292444048/9bd5767d6cd03b95b2b53d43b0ae14a1_normal.jpeg,False,False
35,"RT @beltrandelrio: Alguien que reta permanentemente al coronavirus no usando cubrebocas, tarde o temprano se va a contagiar y va contagiar‚Ä¶",2021-02-20 17:58:20,1363186237092335622,Jose Antonio,pepepintos,70594604,,https://t.co/afPKGXQHPS,ANTIMARXISTA.,False,1455,1278,24974,85256,19,2009-09-01 04:12:43,https://pbs.twimg.com/profile_images/1100636170730393600/6l87F9DX_normal.jpg,False,False
36,RT @Independent: Italy marks one year since first native Covid case https://t.co/3IT3OIH16q,2021-02-20 17:58:19,1363186234902917123,William McGowan,WilliamMcGowa15,2536670344,Belfast,,,False,1628,2716,137606,161023,6,2014-05-09 06:52:22,https://pbs.twimg.com/profile_images/892441715872866304/2JM6P2F__normal.jpg,True,False
37,"RT @beltrandelrio: Alguien que reta permanentemente al coronavirus no usando cubrebocas, tarde o temprano se va a contagiar y va contagiar‚Ä¶",2021-02-20 17:58:19,1363186232751230981,ALFONSO,INCOGNITOS8888,553066214,,,Critico del enga√±o de la T de 4ta,False,1256,2705,38164,12216,0,2012-04-13 22:51:04,https://pbs.twimg.com/profile_images/1339197240984866816/WepADpPD_normal.jpg,True,False
38,"RT @Mojahedineng: More than 218,200 people have died of the novel #coronavirus in 480 cities checkered across all of #Iran's 31 provinces,‚Ä¶",2021-02-20 17:58:19,1363186232684085249,Fazlollah Shahne,FShahne,1268627035469090816,,,,False,79,11,9012,8997,0,2020-06-04 19:34:03,https://pbs.twimg.com/profile_images/1277309752398295040/cilXnS2F_normal.jpg,True,False
39,https://t.co/tnyyyAtoj7,2021-02-20 17:58:18,1363186229508988928,Mary Jo Kilroy,MaryJoKilroy,15281574,"Columbus, Ohio",,"Neighbor, Volunteer, Attorney, Former Member of Congress",False,5127,3417,4653,15481,267,2008-06-30 19:30:41,https://pbs.twimg.com/profile_images/458295275052752896/U4DlqRqr_normal.png,True,False
40,RT @CapitanBitcoin: Andaluc√≠a ya tiene super√°vit r√©cord de 3.159M‚Ç¨ (un +166% incluso con coronavirus). Son las mejores cifras econ√≥micas de‚Ä¶,2021-02-20 17:58:18,1363186229353865219,Ram√≥n Albert,RamnAlbert2,1340961870887481347,,,"libertad, para elegir y opinar",False,81,426,2528,2339,1,2020-12-21 10:07:03,https://pbs.twimg.com/profile_images/1340962207752970240/NIxPNl49_normal.jpg,True,False
41,"RT @beltrandelrio: Alguien que reta permanentemente al coronavirus no usando cubrebocas, tarde o temprano se va a contagiar y va contagiar‚Ä¶",2021-02-20 17:58:18,1363186228858785794,LORE üå∑,LORE_LOR,237031036,M√©xico,,AM√âRICA... BAR√áA... TOROS... YANKEES... 49'ERS... FEDERER... TULIPANES... AMO MI HERMOSA TIERRA TAURINA: TLAXCALA ‚ù§Ô∏è (NOVIEMBRE).,False,1863,2781,84377,91375,41,2011-01-11 22:46:44,https://pbs.twimg.com/profile_images/1362181177260400648/bkr3N_4A_normal.jpg,False,False
42,"Covid-19 Test Centre, Brooms Road, Dumfries. Here's some info on what to expect at a walk-through test centre.‚Ä¶ https://t.co/W4TqqGACpN",2021-02-20 17:58:18,1363186228800192513,D&G Council,dgcouncil,112461079,Dumfries and Galloway,http://t.co/NdJCCVeY13,"Official account of Dumfries and Galloway Council, monitored Monday to Friday between 9am and 5pm.",True,11017,312,1109,7200,212,2010-02-08 15:46:56,https://pbs.twimg.com/profile_images/1304437462077448193/EJ2MCCQ9_normal.jpg,False,False
43,"RT @MarshallProj: COVID-19 cases among prisoners rose another one percent last week, to nearly 381,400. The death toll now is at least 2,41‚Ä¶",2021-02-20 17:58:18,1363186227239931904,ces,ces2828,43430069,,,,False,106,1105,6764,6452,1,2009-05-29 23:01:53,https://pbs.twimg.com/profile_images/1227727073961267201/gOhKSpRu_normal.jpg,True,False
44,"RT @beltrandelrio: Alguien que reta permanentemente al coronavirus no usando cubrebocas, tarde o temprano se va a contagiar y va contagiar‚Ä¶",2021-02-20 17:58:17,1363186226581229568,M√≥nica,monhivi,152248678,M√©xico,,,False,314,984,2707,18134,1,2010-06-05 13:31:15,https://pbs.twimg.com/profile_images/1093556727214149632/4Uhw3R0J_normal.jpg,True,False
45,https://t.co/8RX1DYDNts,2021-02-20 17:58:17,1363186223343431680,Carlos Alberto Jr,bbetinho13,148336574,,,"Personal Trainer
Professor de educa√ß√£o f√≠sica
Ex- atleta de basquete",False,486,2477,96203,52167,3,2010-05-26 12:57:51,https://pbs.twimg.com/profile_images/1315431014731329538/DO5zIgVH_normal.jpg,False,False
46,RT @ministeriosalud: Recuerda que el uso correcto de la mascarilla es cubriendo la nariz y boca en todo momento. Mantengamos las medidas de‚Ä¶,2021-02-20 17:58:16,1363186222965919748,Francisco Augusto Reyes Borsotto,PanchoRBorsotto,2291471965,Osorno - Puerto Montt. ,https://t.co/MKOpzrreuh,"Vive, siente, ama y respeta üçÉ/
Procura sembrar alegr√≠a y amor ‚ù§

@dos_segegob @segegobloslagos @Gobiernodechile #TeamTD #CarpeDiem #AnimalLover üê£ #DeDerecha ‚è©",False,3230,3740,45651,40096,7,2014-01-14 17:41:05,https://pbs.twimg.com/profile_images/1353540311453204480/n6eTCTZm_normal.jpg,False,False
47,@DaveShorrock In case you want a Sturgeon stooshie... https://t.co/BoehXyRUlv,2021-02-20 17:58:16,1363186221414027266,Matt Donlan,MrMattDonlan,133771554,"Edinburgh, Scotland",https://t.co/H5NvFzrSb3,,False,1960,1174,13272,76500,37,2010-04-16 15:48:24,https://pbs.twimg.com/profile_images/1344758979491221505/4wobNETq_normal.jpg,False,False
48,RT @HaftaiH: ‚ÄúThe U.N. humanitarian agency...said  in a new report that üá™üáπn defense forces continue to occupy a hospital in the town of Abi‚Ä¶,2021-02-20 17:58:15,1363186218327015426,OKya,OKya20396041,1329501999549865988,,,Nothing,False,11,59,36,104,0,2020-11-19 19:09:47,https://pbs.twimg.com/profile_images/1329502405868838913/K6yRYLGZ_normal.jpg,True,False
49,"RT @Mippcivzla: üìå ùôÑùô£ùôõùô§ÃÅùôßùô¢ùôñùô©ùôö üß¨ 

Reduce el riesgo de infecci√≥n del Coronavirus (Covid-19) con las siguientes medidas  al ir en un veh√≠culo‚Ä¶",2021-02-20 17:58:15,1363186216070492167,#Tuiteroactivo,yasmira_pineda,1338609189988528128,"Zulia, Venezuela",,amor y paz,False,17,138,1943,6214,0,2020-12-14 22:18:07,https://pbs.twimg.com/profile_images/1338677810374828032/1Xl_S15W_normal.jpg,True,False
50,"RT @NewstalkFM: A consultant paediatrician is calling for the allocation of ""massive resources"" to deal with the impact of the coronavirus‚Ä¶",2021-02-20 17:58:15,1363186214862487555,Jimmy Carson‚òòÔ∏èüáÆüá™,JimmyCarson6,1589497070,,,,False,174,352,9910,10476,4,2013-07-12 21:54:09,https://pbs.twimg.com/profile_images/1159390996859428864/eAZ6MqgE_normal.jpg,True,False
51,RT @marwilliamson: Until governments deal w/ climate change as the existential crisis it is - moving as urgently as we need to in order to‚Ä¶,2021-02-20 17:58:14,1363186213599985664,Sam Adams ~ #BernieOnTheBallot,CapaTosta122,2608043178,,,#Bernie2020,False,9725,8685,213908,424556,360,2014-07-06 18:31:09,https://pbs.twimg.com/profile_images/485856940359032833/M9Vs4X-a_normal.jpeg,True,False
52,"RT @beltrandelrio: Alguien que reta permanentemente al coronavirus no usando cubrebocas, tarde o temprano se va a contagiar y va contagiar‚Ä¶",2021-02-20 17:58:14,1363186212832444423,Alejandro Mendez,Alejand53152999,1317265881844436993,,,,False,30,131,16,6198,0,2020-10-17 00:47:29,https://pbs.twimg.com/profile_images/1317266146601570304/xASJZCwz_normal.jpg,True,False
53,https://t.co/j59G37FHSJ,2021-02-20 17:58:13,1363186209518997509,HoldMyBooks,HoldMyBooks,1310651820080074752,,,,False,127,318,328,948,0,2020-09-28 18:45:32,https://pbs.twimg.com/profile_images/1310658946504499208/axWZ5ewE_normal.jpg,True,False
54,RT @NatGeo: The U.S. is approaching a grim milestone‚Äîwhen half a million Americans will have lost their lives to the coronavirus. How can w‚Ä¶,2021-02-20 17:58:13,1363186209007271936,TheKestrel,Seadoo38,750139158182633472,,,Fu√üball Fashion & Lifestyle Fernsehen,False,18,79,5235,11423,5,2016-07-05 01:28:07,https://pbs.twimg.com/profile_images/754532066209964032/j_HLEHCK_normal.jpg,True,False
55,RT @CarlosdelRio7: Coronavirus mRNA Vaccine Safety and Efficacy https://t.co/2T7OvDDNFG via @YouTube I spoke to  @JAMANetwork for this exce‚Ä¶,2021-02-20 17:58:13,1363186206780104708,Jessie Clark Jones,AKAJessieCJones,718260258813124608,Anywhere,,Crazy and slow learner of life but fun and honest like hell!,False,215,281,177885,49122,3,2016-04-08 02:12:45,https://pbs.twimg.com/profile_images/719789882076303361/9lEWOpBK_normal.jpg,True,False
56,RT @davidmirandario: Israel controla a Faixa de Gaza e IMPEDIU a entrada de 2 mil doses iniciais da vacina Sputnik V para a popula√ß√£o de 2‚Ä¶,2021-02-20 17:58:12,1363186205718896646,Prometheus - o que trouxe o fogo aos homens,fransil,40276078,Do mundo,,,False,96,215,21703,4759,2,2009-05-15 16:32:37,https://pbs.twimg.com/profile_images/1267817707585470475/qgPRkWAF_normal.jpg,False,False
57,"A surprise awaits you on your 2020 income #tax return if you collected ""unemployment benefits"" in 2020.  Remember t‚Ä¶ https://t.co/tF9sT0r1Y5",2021-02-20 17:58:12,1363186205068832769,Patricia Villano CPA,PJVCPA,60885118,Northern New Jersey ,http://t.co/DhA5eoXSZK,"Certified Public Accountant / 
Accredited Estate Planner¬Æ 
Comprehensive Tax Planning and Accounting Services",False,1638,1639,3194,1918,34,2009-07-28 12:03:33,https://pbs.twimg.com/profile_images/378800000412483423/20520af7687c3166f2a10ac8e1bd4bbe_normal.jpeg,False,False
58,O primeiro-ministro anunciou neste s√°bado (20) https://t.co/bHTx1xMphp,2021-02-20 17:58:12,1363186204238258177,Portal do Generoso,generosomarcelo,152484640,Manaus-Am,https://t.co/AnhkfKxQY1,Noticias com exclusividade!,False,936,1807,18,26671,6,2010-06-06 02:40:39,https://pbs.twimg.com/profile_images/1116771563964194818/3xH8Hn5Y_normal.png,False,False
59,"RT @pete_dyson: Could @BBCNews add 'Climate Change' as a tab on its website? It's COP26 in Glasgow, there's tonnes of news to collate, ther‚Ä¶",2021-02-20 17:58:12,1363186203722469376,Josie,Josie_McGinn,2634784131,,,,False,8,20,92,3,1,2014-06-23 15:45:50,https://pbs.twimg.com/profile_images/1360381875810877442/1jBlcabU_normal.jpg,False,False
60,"RT @scotgov: Scotland, it‚Äôs time to roll up our sleeves. Vaccination is our best way out of coronavirus. When it‚Äôs time for you to roll up‚Ä¶",2021-02-20 17:58:11,1363186201981841410,Jim Clark Esq.,JimClark2004,978160640970887168,,,Scottish Grandad to English grandchildren. A retweet probably means I agree.,False,1627,2600,1548,24487,0,2018-03-26 06:44:04,https://pbs.twimg.com/profile_images/1042426191247036419/nH8TliYR_normal.jpg,True,False
61,Pusieron como nueva ministra de salud a la pelotuda que trajo un payaso para informar la cantidad de muertos por co‚Ä¶ https://t.co/NkzIle7Jv2,2021-02-20 17:58:11,1363186201906282497,Matt,matyjuez,2936406995,"C√≥rdoba, Argentina",https://t.co/4mxqbmcsnl,Un tipazo,False,465,377,15920,15143,0,2014-12-22 03:32:08,https://pbs.twimg.com/profile_images/1354135413057859585/wGbku5PG_normal.jpg,True,False
62,RT @AgenciaElVigia: El presidente Alberto Fern√°ndez excluy√≥ de la comitiva que lo acompa√±ar√° a M√©xico al senador Jorge Taiana y al diputado‚Ä¶,2021-02-20 17:58:11,1363186199188414470,JuaaniPe,JMPerezTomas98,448013435,Quilmes,https://t.co/bKVeHO9i9I,"Donde hay una necesidad nace un derecho.
Pagaran su culpa los traidores.
intento de Politologo. 
Empoderado
Quilme√±o.
https://t.co/MaCw2qb205",False,1345,3690,43909,149468,3,2011-12-27 14:28:29,https://pbs.twimg.com/profile_images/960596922187812864/BWG-TWCU_normal.jpg,False,False
63,"https://t.co/vjAQA7hhuu Coronavirus most modern: 146,753 cases in Ohio; 62,731 in Kentucky; 113,337 in Indiana - WL‚Ä¶ https://t.co/XM4deqde73",2021-02-20 17:58:10,1363186196390825984,DrWell Shop,DrwellShop,1207140943448535040,,,Having a happy and healthy life is one of the most important things for me and my colleagues around us. Stay healthy,False,2,4,0,1002,0,2019-12-18 03:30:19,https://pbs.twimg.com/profile_images/1207141229638516736/h7-jKGq4_normal.jpg,True,False
64,"RT @doctor_oxford: Shame on @MattHancock for breaking public procurement law. The High Court judge said:

‚ÄúThe Secretary of State spent vas‚Ä¶",2021-02-20 17:58:10,1363186195933646849,Leigh Robertsüíô,60sleigh,718933489173807104,"Weymouth, England",,"support worker;mum of 4 nanna to 2;cares about people,our world and the future for our children. Proud Labour member.",False,2691,2254,199602,241958,89,2016-04-09 22:47:55,https://pbs.twimg.com/profile_images/1347873771881955330/QzCTZuup_normal.jpg,True,False
65,"RT @KenRoth: Why is Beijing refusing to share with WHO:
1. Anonymized case information on the half of the Dec 2019 Covid cases with no conn‚Ä¶",2021-02-20 17:58:09,1363186193182121986,Finn Eilertsen,undulat69,152237932,,,,False,190,909,12753,36771,16,2010-06-05 12:51:26,https://pbs.twimg.com/profile_images/540727112244543488/7CHaYiP__normal.png,False,False
66,"RT @Mippcivzla: üó£Ô∏è ¬°ùêìùêéùêåùêÄ ùêèùêëùêÑùêÇùêÄùêîùêÇùêàùêéÃÅùêç!‚úçÔ∏èüáªüá™
 Es importante tener en cuenta las medidas de prevenci√≥n del coronavirus. No podemos bajar la gua‚Ä¶",2021-02-20 17:58:08,1363186188039897089,Yoselin Kelly Escorcia,YoselinKellyEs1,1341766942034714625,"San Francisco, Estado Zulia.",https://t.co/1FzxsVJRZG,"Venezolana, Estudiante Universitaria de la Carrera Ingenier√≠a en Gas.",False,372,687,466,12292,0,2020-12-23 15:26:12,https://pbs.twimg.com/profile_images/1341767562351308809/VJHofzsK_normal.jpg,True,False
67,"RT @spectatorindex: Coronavirus vaccine doses given per 100 people

Israel: 82
UAE: 55
UK: 25
US: 17
Turkey: 7.5
Norway: 6.8
Poland: 6.7
Sp‚Ä¶",2021-02-20 17:58:08,1363186187532296192,Ezzd,Ezzd6,1010003859140296705,,,,False,10,123,123,5730,0,2018-06-22 03:37:39,https://pbs.twimg.com/profile_images/1256972027589582849/_aewrFfp_normal.jpg,True,False
68,RT @Shora: Esto a m√≠ me da mucho m√°s miedo que la pandemia de coronavirus: las crecientes resistencias a antibi√≥ticos. https://t.co/m8UjgFa‚Ä¶,2021-02-20 17:58:07,1363186183770005505,Ross_Lopher,RossLopher,1083534444655534080,,,"Mulder, la verdad est√° ah√≠ pero rodeada de mentiras.

-Scully, ep.17, T1; X Files.

-Estoica, libertaria, esposa y madreüòé. 

Don't thread on me!üêç",False,621,1409,13557,4984,0,2019-01-11 01:21:57,https://pbs.twimg.com/profile_images/1246944614717759488/Nd-yYaMQ_normal.jpg,True,False
69,"RT @UniversidadMH: CIOVID es la herramienta creada por investigadores del @ICIOUMH, para monitorizar el Coronavirus en la @c_valenciana ü¶†üå¥üò∑‚Ä¶",2021-02-20 17:58:07,1363186183287812096,Manu Pandemia Edition,piano_shadow,2878525983,"Elche, Espa√±a",,pianista e intento de estad√≠stico UMH üå¥ 0‚àà‚Ñï,False,176,407,23611,10398,2,2014-11-15 20:50:00,https://pbs.twimg.com/profile_images/1354225046907187204/1isK0V1w_normal.jpg,True,False
70,RT @cnnbrk: President Biden will unveil a $2 billion US contribution to a global coronavirus vaccine initiative on a call with G7 leaders o‚Ä¶,2021-02-20 17:58:07,1363186182872440832,Taposh_M,taposh_m,1296159528459755520,United States,https://t.co/L3holbrHpi,I am a Professional Graphic Designer. Clint satisfaction is my main goal. My Services Like Businesscard | Creditcard | Postcard | Thankyoucard | Logo | Flyer,False,23,100,124,69,0,2020-08-19 18:59:01,https://pbs.twimg.com/profile_images/1339864000587157506/cmkmYmyY_normal.jpg,True,False
71,"Hay que cocinar productos de estaci√≥n. Hoy, berejenas en conserva. Cocin√© para tener stock hasta que me toque el tu‚Ä¶ https://t.co/5HWdZ2e5RJ",2021-02-20 17:58:07,1363186182297944064,Debora Slotnisky,deboraslot,142790142,debora200@gmail.com,https://t.co/VoMN46gK5Y,"Periodista de Tecnolog√≠a. Autora de libros sobre Transf. Digital. Escribo en diarios La Naci√≥n y El Cronista. Premios: ADEPA, Sadosky y otros.",True,8382,1008,11705,28618,298,2010-05-11 19:34:51,https://pbs.twimg.com/profile_images/716291746204921857/oSZO7r0n_normal.jpg,False,False
72,"RT @Uppolice: Welcome to the red planet,  #Perseverance !

As you land here to search for signs of past life, it‚Äôs also essential to persev‚Ä¶",2021-02-20 17:58:07,1363186182050390018,Uttam Singh Rathore,upcoprathore,1014669836,"Hapur, India",https://t.co/rgr7yEQqrC,"INSPECTOR IN UP POLICEüáÆüá≥
Helpless human and science under the power of nature.

üîÉhttps://t.co/rLIuHlVeo2

üîÉhttps://t.co/zx409SKFHL",False,4059,254,90260,14220,0,2012-12-16 07:17:25,https://pbs.twimg.com/profile_images/1339244741452414976/2GBGDXv-_normal.jpg,True,False
73,"RT @beltrandelrio: Alguien que reta permanentemente al coronavirus no usando cubrebocas, tarde o temprano se va a contagiar y va contagiar‚Ä¶",2021-02-20 17:58:07,1363186181492649990,Rox Franco üò∑,FrancoRox,889846777657999362,M√©xico,,üòè,False,20985,7788,286069,49095,34,2017-07-25 13:56:19,https://pbs.twimg.com/profile_images/1329236676187713536/AiJqw7Ul_normal.jpg,True,False
74,RT @AdelesBabyDaddy: why is coronavirus so stubborn?? swine flu didn‚Äôt bother us like this,2021-02-20 17:58:06,1363186180444012544,Shai ü¶ã,WendeAmor,1183303212,,,Mark 11 vs 24 || You Gotta Nourish To Flourishüåª,False,786,1005,37272,35847,2,2013-02-15 17:47:36,https://pbs.twimg.com/profile_images/1351466624960897028/Qq-_Qi7C_normal.jpg,True,False
75,"RT @DPDOficial: #DPDOficial #20Feb 
La √∫nica manera para derrotar el coronavirus, es cumplir con todas las medidas preventivas de higiene y‚Ä¶",2021-02-20 17:58:06,1363186179340910595,@DPDLaGuaira,DPDLaGuaira2,1313249721461420032,,,"Direcci√≥n General de Prevenci√≥n del Delito.
Ente adscrito al MPPPRIJP.
Coordinaci√≥n edo. La Guaira.",False,38,123,130,188,0,2020-10-05 22:51:25,https://pbs.twimg.com/profile_images/1363095386487984129/3prv5FVe_normal.jpg,True,False
76,"RT @CTRailCommuters: @ctcapitolreport Metro-North weekday ridership also down 80%

https://t.co/jdv74nboaw",2021-02-20 17:58:06,1363186178267176960,Doug Hausladen,doughausladen,248719612,"New Haven, CT",https://t.co/XBfjOqtuZn,Proud to work for @MayorElicker as @NewHavenDOT @ParkNewHaven | Member @GNHTD_CT @CTRailCouncil @NHCAT1 | Coach @YaleWaterPolo | #blm #NHV #gscia | he/him/his,False,3781,5002,15678,23357,119,2011-02-07 15:48:36,https://pbs.twimg.com/profile_images/1059789056119320578/mP3EF86U_normal.jpg,False,False
77,"RT @Mippcivzla: üó£Ô∏è ¬°ùêìùêéùêåùêÄ ùêèùêëùêÑùêÇùêÄùêîùêÇùêàùêéÃÅùêç ! ‚úçÔ∏èüáªüá™ 

Ya que el Coronavirus se puede transmitir f√°cilmente de persona a persona, es necesario adopt‚Ä¶",2021-02-20 17:58:06,1363186178040733699,Urdenis,Urdenis3,1260399003117764608,,,activo..!,False,8,281,299,277,0,2020-05-13 02:41:07,https://pbs.twimg.com/profile_images/1260400418355642368/Sp4Dj3SI_normal.jpg,True,False
78,Do you mean the vaccination that doesn't stop the transition of the supposed virus? https://t.co/06ONpfwT0y,2021-02-20 17:58:06,1363186178015584260,This Is Madness,ThisIsMadness5,1126570687156629504,"London, England",https://t.co/GgHZOHLCmb,"Just another Polish bustard living in the UK. If you disagree with me on something, feel free to tell me to go back to my own country.

My life is essential",False,1012,487,1914,8877,2,2019-05-09 19:32:37,https://pbs.twimg.com/profile_images/1250453661496545282/buqG3f56_normal.jpg,True,False
79,J‚Äôai t√©moign√© pour le @HuffPostLife sur les nouveaux obstacles cr√©e par la COVID-19 pour les couples binationaux‚Ä¶ https://t.co/p42HlZWgzk,2021-02-20 17:58:05,1363186174093844482,Charlotte Suzanne,CharlotteSuzan3,1356373645413781596,,,"PhD Law student ‚öñ
Fran√ßaise üá´üá∑",False,10,24,219,71,0,2021-02-01 22:47:41,https://pbs.twimg.com/profile_images/1358931358685540352/1EsPYh40_normal.jpg,True,False
80,RT @mabarnier: Pronto podr√≠an comenzar los ensayos cl√≠nicos de la vacuna contra #Coronavirus en RECI√âN NACIDOS y EMBARAZADAS #johnsonandjoh‚Ä¶,2021-02-20 17:58:04,1363186172181303302,Alberto Garc√≠a,AGG7,140795123,"Madrid, Spain",,Investment Software Developer (BSCS and BSND),False,467,186,262992,64927,2,2010-05-06 11:34:49,https://pbs.twimg.com/profile_images/878015911/02-04-10_1322_normal.jpg,False,False
81,"RT @record_mexico: üö®√öltimo momento üö®

L√≥pez-Gatell dio positivo por Coronavirus 
https://t.co/nuY3ouY0y7",2021-02-20 17:58:04,1363186170704846854,Guido Nandez ‚öΩÔ∏è,kike17fernandez,142178615,,,"üá¶üá∑üá≤üáΩ Vida de cholo! Amante de la bocha, apasionado por el futbol, hincha azulcrema, merengue y xeneize; DT desde mi silla.",False,394,440,16503,162582,6,2010-05-10 05:29:23,https://pbs.twimg.com/profile_images/1331836814647304192/yerSE5ek_normal.jpg,True,False
82,"El debate sobre a qui√©nes vacunar primero pasa por responder est√° pregunta.

Spoiler: las vacunas son muy nuevas y‚Ä¶ https://t.co/pAgpKkPCtJ",2021-02-20 17:58:04,1363186170402897921,Elcoles Terol,surdeloceano,1260634390675304449,,https://t.co/UDH5FLNlbp,"Ven, hablemos del amor",False,273,447,2773,26135,2,2020-05-13 18:14:10,https://pbs.twimg.com/profile_images/1350491504347918338/AFBWd8sE_normal.jpg,True,False
83,"RT @beltrandelrio: Alguien que reta permanentemente al coronavirus no usando cubrebocas, tarde o temprano se va a contagiar y va contagiar‚Ä¶",2021-02-20 17:58:04,1363186170302255104,D“Ω…≥Œ±,denadiazz,3998158872,üèûÔ∏è,,üë®‚Äçüë©‚Äçüëßüå∫üê∂üååüì∏,False,462,598,15806,3189,2,2015-10-24 03:51:41,https://pbs.twimg.com/profile_images/1360359225516568584/UYrVe554_normal.jpg,True,False
84,RT @HaftaiH: ‚ÄúThe U.N. humanitarian agency...said  in a new report that üá™üáπn defense forces continue to occupy a hospital in the town of Abi‚Ä¶,2021-02-20 17:58:04,1363186170251923456,Abeba Zenash,AbebaAnteneh,1324425258372374528,"Toronto, Ontario",,love diving,False,2,40,60,81,0,2020-11-05 18:56:16,https://abs.twimg.com/sticky/default_profile_images/default_profile_normal.png,True,True
85,Laois Covid-19 cases going in the wrong direction as new daily cases spike https://t.co/hYeHbKNQji,2021-02-20 17:58:03,1363186167487815683,Laois Matters,LaoisMatters,1344571124529639424,,,Laois Matters,False,127,293,281,878,0,2020-12-31 09:08:46,https://pbs.twimg.com/profile_images/1346420412276740096/4GiZGmga_normal.jpg,True,False
86,RT @JaSimmank: Es ist nur ein bisschen nerdy geworden: Mit der Biostatistikerin @nataliexdean haben @elena_erdmann und ich √ºber Impfstoffst‚Ä¶,2021-02-20 17:58:03,1363186166019854345,Jesse Ventura,JesseVentura86,1265614666115538945,"Frankfurt am Main, Deutschland",,"‚ÄûDieser Faktor Mensch, der st√∂rt da √ºberall rein.‚Äú",False,249,248,50991,14784,5,2020-05-27 12:03:52,https://pbs.twimg.com/profile_images/1334564772239601670/dwSQ6NMX_normal.jpg,True,False
87,"RT @la_patilla: M√°s contagiosas, m√°s resistentes, m√°s temibles: Las variantes del coronavirus a prueba https://t.co/3cY4BNs8yy",2021-02-20 17:58:03,1363186164535025671,Klabavaz - Consultor,klabochka,119615087,,,Ing. en Inform√°tica con Maestr√≠as en Ing.Industrial (Unexpo) e https://t.co/SU75Z454j6 Org. y https://t.co/DwrC1O11TX Empresas~DEA (UPM_Madrid).Facilitador EMPRETEC-ONU,False,308,847,11034,18383,4,2010-03-04 04:22:47,https://pbs.twimg.com/profile_images/895727889106305024/5YF1UaW9_normal.jpg,True,False
88,"Amigos ayer casi me da muerte de cuna (porque obvio sigo siendo un beb√©) üò≠ me asust√© mucho jajaj
Hoy traigo la oxig‚Ä¶ https://t.co/MpBsc3U4IJ",2021-02-20 17:58:02,1363186164027461632,Emmanuelle,emmanuellecon2m,1307440461276119041,,https://t.co/eVLko9ZAfz,"Something wrapped around my past mistakes in barbed wire, chains around my demons, wool to brave the seasons, one single thread of gold tied me to you",False,25,37,769,280,0,2020-09-19 22:04:44,https://pbs.twimg.com/profile_images/1344335898163507204/Pwi3e6q5_normal.jpg,True,False
89,"#Copertina #Covid Coronavirus, situazione invariata a Positano: resta un solo cittadino positivo https://t.co/glNPW2ZUyW",2021-02-20 17:58:02,1363186162802696192,Positanonews,positanonews,37298835,Positano Amalfi Coast Italia,http://t.co/3ho8r7jXH9,"News , notizie, foto e video di Positano, costa d' Amalfi, Sorrento e dintorni https://t.co/595drqtCLc",False,3016,2556,178,362896,51,2009-05-02 22:31:19,https://pbs.twimg.com/profile_images/3208941158/c54db2520d7f1427556df5e1fc191725_normal.jpeg,False,False
90,I have been recommending CO2 monitors in indoor offices for a couple of months now. It‚Äôs a great way to know if you‚Ä¶ https://t.co/tT0EMHnZT1,2021-02-20 17:58:02,1363186161674412033,Linus Chong DDS MS,DdsLinus,1356103839053582338,,https://t.co/k50eA1YOlQ,"Periodontist, focus on perfect oral health, motivator",False,0,13,0,6,0,2021-02-01 04:55:41,https://pbs.twimg.com/profile_images/1356104067286634498/8TB83sLg_normal.jpg,True,False
91,"RT @dw_espanol: Un a√±o de la primera detecci√≥n del #coronavirus en Europa

La m√©dica Malara se salt√≥ el protocolo de su hospital por una co‚Ä¶",2021-02-20 17:58:02,1363186161670324235,Jes√∫s Rafael Rodr√≠guez-Aguilera,harry_brennan,104209692,"Leipzig, Alemania",https://t.co/Gd6nnBEmiN,"I'm learning about #Metabolism, #Epigenetics and #VascularCells at @HIMAG_Leipzig. PhD, UNAM",False,630,1162,9527,18081,26,2010-01-12 16:46:19,https://pbs.twimg.com/profile_images/1348111508182589443/n_RbhpVj_normal.jpg,False,False
92,"RT @Mippcivzla: üìå ùôÑùô£ùôõùô§ÃÅùôßùô¢ùôñùô©ùôö üß¨ 

Reduce el riesgo de infecci√≥n del Coronavirus (Covid-19) con las siguientes medidas  al ir en un veh√≠culo‚Ä¶",2021-02-20 17:58:02,1363186161364140036,@Jerm85,Jerm162,1248590312735485952,,,Revolucionaria hasta la muerte @Jerm85,False,37,32,47,15303,0,2020-04-10 12:35:11,https://pbs.twimg.com/profile_images/1248593960546664448/JPx7rM10_normal.jpg,True,False
93,RT @dugwuoju: A really important story by ‚Å¶@BriannaCalix‚Å©.                                Fresno CA retirees‚Äô health suffers during COVID-1‚Ä¶,2021-02-20 17:58:01,1363186156540674050,Fresno Bee,FresnoBee,8249832,"Fresno, California",http://t.co/Q8KCuIPBl6,The No. 1 source of news in California's central San Joaquin Valley. #ReadLocal & Subscribe to The Bee: https://t.co/1Ehs9jq0Tg,True,93315,767,3282,125615,1016,2007-08-17 17:44:58,https://pbs.twimg.com/profile_images/778693010234019841/zmnGbV72_normal.jpg,False,False
94,"RT @ELDEBATE: √öLTIMO MINUTO üî¥ Durante esta ma√±ana el subsecretario de Prevenci√≥n y Promoci√≥n de la Salud, Hugo L√≥pez Gatell confirm√≥ estar‚Ä¶",2021-02-20 17:58:00,1363186154988658693,Sandra Audelo,AudeloSandra,2519188398,M√©xico,,"Comunic√≥loga, Reportera Web de peri√≥dico El Debate",False,65,1306,577,201,0,2014-05-24 02:05:16,https://pbs.twimg.com/profile_images/1328559048459915264/ASNXPMuZ_normal.jpg,False,False
95,@jabarocas Amen! And we are doing just that @The_BMC https://t.co/fNWkOBzO7C,2021-02-20 17:58:00,1363186153281716226,"Megan Young, MD",Megany221,427811307,"Boston, MA",,"geriatrician, medical educator, home care, clerkship director, advanced communication skills, assistant dean, student affairs @BUMedicine @The_BMC @BUGeriatrics",False,940,925,3905,558,18,2011-12-04 00:39:40,https://pbs.twimg.com/profile_images/1276805670617133056/_frts_Jy_normal.jpg,True,False
96,"RT @KannoYoungs: BROWNSVILLE, Tex. ‚Äî Roughly a dozen migrants are dropped off by a CBP van at the bus station. All woman and children. A te‚Ä¶",2021-02-20 17:58:00,1363186153160081410,Sam Wisbey,samwisbey,47480118,,,,False,126,251,183730,50053,0,2009-06-15 23:37:42,https://abs.twimg.com/sticky/default_profile_images/default_profile_normal.png,True,True
97,"Questa vita da pandemia √® arrivata persino nei sogni che faccio di notte.
Ormai sono stanca, √® passato un anno e no‚Ä¶ https://t.co/Vo3uDFdsUV",2021-02-20 17:57:59,1363186149297127428,AnnaG.,anu_glr,995263094,,,‚ÄúThank you for being so not Italian.‚Äù,False,259,497,35585,2015,10,2012-12-07 15:15:33,https://pbs.twimg.com/profile_images/1347215553933488129/mz-Tt4OM_normal.jpg,True,False
98,#Florida county commissioner handpicked 2 affluent zip codes for access to a #COVID19 vaccination site ‚Äì then added‚Ä¶ https://t.co/zMyJapptnu,2021-02-20 17:57:59,1363186147854323712,Julie Laumann,Otpor17,53190110,,,"The line separating good and evil passes not through states, nor between classes, nor between political parties either - but right through every human heart.",False,5252,1990,31897,66098,114,2009-07-02 21:15:04,https://pbs.twimg.com/profile_images/1351969247359078401/eROCmT0-_normal.jpg,True,False
99,RT @jsolomonReports: Johns Hopkins doc: U.S. may hit COVID herd immunity ‚Äòby April‚Äô | Just The News https://t.co/ZkvoaW3BZw,2021-02-20 17:57:58,1363186144859496448,Barb Anderson,BarbAnd49536936,952342464685223936,,,,False,224,169,92888,49115,2,2018-01-14 00:51:52,https://abs.twimg.com/sticky/default_profile_images/default_profile_normal.png,True,True
100,"RT @LMClinical: #Antibodies that react to both ordinary #coronaviruses, which cause the #CommonCold, and #SARSCoV2 do not neutralize the #C‚Ä¶",2021-02-20 17:57:57,1363186142846332928,PennBot,PennBot1740,1016430409721118720,"Philadelphia, PA",,I am an automated and interactive twitter bot serving the Penn community. Created and programmed by PJS - applicant for Penn class of 2023 (but rejected).,False,2199,2979,0,37752,3,2018-07-09 21:14:28,https://pbs.twimg.com/profile_images/1016436303204773889/UZSqNle-_normal.jpg,False,False
101,"i love how openly corrupt our political system is. He may get some stern questions about this at his hearing, but t‚Ä¶ https://t.co/RuQpfcuoF7",2021-02-20 17:57:57,1363186140371689474,29 U.S.C. ¬ß 157,OrganizingPow3r,1269503281048498177,,,Neera Tanden is a union buster: https://t.co/RFPvg3YZPy,False,4337,728,8366,9954,29,2020-06-07 05:35:54,https://pbs.twimg.com/profile_images/1327788684188454913/KEgX9RcA_normal.jpg,True,False
102,RT @FiatVoluntasT10: ü•∂ Je suis beaucoup plus terroris√© par le gouvernement que par le coronavirus.,2021-02-20 17:57:55,1363186132926791684,bob lazard,Shakagosu,235071524,"Aix-en-Provence, France",,soldat digital,False,27,145,521,624,0,2011-01-07 08:13:30,https://pbs.twimg.com/profile_images/1252955763275968514/VnLzlJCf_normal.jpg,True,False
103,"https://t.co/wn03j928C8 
 
‡§≤‡•â‡§ï‡§°‡§æ‡§ä‡§®‡§¨‡§æ‡§¨‡§§‡§ö‡•á ‚Äò‡§§‡•á‚Äô‡§µ‡•ç‡§π‡§æ‡§Ø‡§∞‡§≤ ‡§∏‡§Ç‡§¶‡•á‡§∂ ‡§™‡•Å‡§∞‡•ç‡§£‡§§: ‡§ö‡•Å‡§ï‡•Ä‡§ö‡•á #coronavirus #Lockdown",2021-02-20 17:57:55,1363186132754731010,ABP ‡§Æ‡§æ‡§ù‡§æ,abpmajhatv,52121743,"Mumbai, India",https://t.co/031pVVA92U,"‡§Æ‡§∞‡§æ‡§†‡•Ä‡§§‡•Ä‡§≤ ‡§®‡§Ç‡§¨‡§∞ 1 ‡§ü‡•ç‡§µ‡§ø‡§ü‡§∞ ‡§π‡§Å‡§°‡§≤ | ‡§≤‡•á‡§ü‡•á‡§∏‡•ç‡§ü ‡§Ö‡§™‡§°‡•á‡§ü‡•ç‡§∏‡§∏‡§æ‡§†‡•Ä ‡§´‡•â‡§≤‡•ã ‡§ï‡§∞‡§æ | 
‡§µ‡•ç‡§π‡§ø‡§°‡§ø‡§ì : https://t.co/zszMEQE7bA 
‡§≤‡§æ‡§à‡§µ‡•ç‡§π ‡§∏‡•ç‡§ü‡•ç‡§∞‡§ø‡§Æ‡§ø‡§Ç‡§ó : https://t.co/Ui92cYAeTR",True,867622,371,483,280941,558,2009-06-29 17:22:58,https://pbs.twimg.com/profile_images/1339019961310703616/hTE9WKSp_normal.png,False,False
104,R√∫ssia registra a terceira vacina contra o novo coronav√≠rus - https://t.co/hzPjL7PT4N https://t.co/8h7o3nc3Th,2021-02-20 17:57:54,1363186130225668097,Midia News Brasil,MidiaNewsBR,1125479023847583745,"Campo Grande, Mato Grosso do S",https://t.co/ZOpmZA3PwN,"A equipe do portal M√≠dia News √© formada por jornalistas, colunistas, parceiros e colaboradores escolhidos pelo crit√©rio da compet√™ncia e da isen√ß√£o",False,423,220,1320,18836,0,2019-05-06 19:14:44,https://pbs.twimg.com/profile_images/1125479158002454529/AOe9ldpI_normal.jpg,False,False
105,"RT @AmeliaDeschamps: #Bolet√≠n336
RD supera las tres mil muertes por #COVID19. En el bolet√≠n de hoy @SaludPublicaRD report√≥ 17 nuevos fallec‚Ä¶",2021-02-20 17:57:54,1363186127860072449,Jose Luciano,jluciano26,102679266,"anto Domingo de Guzm√°n, Domini",,,False,451,1585,9261,10101,0,2010-01-07 13:32:22,https://pbs.twimg.com/profile_images/1188646812397248514/Rc7zl2XX_normal.jpg,True,False
106,"RT @PBNS_India: The number of confirmed coronavirus cases in Germany stands at 23,78,883, data from the Robert Koch Institute (RKI) for inf‚Ä¶",2021-02-20 17:57:53,1363186126018600960,Palash Harley,palaash4srk,710184018231164928,,,Conscious Citizen. | Psytrance - Hip Hop | Political Science/UG | Sports |,False,687,265,15652,98729,1,2016-03-16 19:20:39,https://pbs.twimg.com/profile_images/1323748106534481920/nVLBMvjK_normal.jpg,True,False
107,"RT @ctxt_es: ""Hemos parecido olvidar algo fundamental: lo ideal es encontrar un f√°rmaco con acci√≥n antiviral, que sea capaz de abortar la e‚Ä¶",2021-02-20 17:57:53,1363186125305761795,MireiaüîªüéóÔ∏è,frazers_mireia,836031779521892353,,,"It's a new world every heart beat. - Joyce Cary 

***Disclaimer: tweets en catal√†, castellano, English***",False,116,243,13613,7430,0,2017-02-27 01:54:43,https://pbs.twimg.com/profile_images/1326182362548494337/RE-Ae4Fz_normal.jpg,True,False
108,"RT @AP: The Boy Scouts of America is celebrating its inaugural class of female Eagle Scouts, a group of 1,000 girls and young women who are‚Ä¶",2021-02-20 17:57:53,1363186124332666880,Roberto Re   üáÆüáπ  üá™üá∫,RobRe62,180317088,"Milano +45.465556¬∞, +9.190000¬∞",https://t.co/hGdwn41HO0,"Ich bin ein Mail√§nder,independent analytical thinker.Fulltime student of News RT=FYI #ElectronicsEngineer #networker #Milano #SmartBot #SkyOverMilan #FCUB",False,14070,3871,22331,1305628,6596,2010-08-19 09:58:53,https://pbs.twimg.com/profile_images/1360848862819328000/HaE_bnL1_normal.jpg,False,False
109,"@IngrahamAngle Laura, America is still digging out from the failed Trump coronavirus vaccine distribution system. A‚Ä¶ https://t.co/SwJjuQsvei",2021-02-20 17:57:53,1363186124001214464,William Conyers üò∑,shoyu,10512092,"Staten Island, NY",https://t.co/8AH4pm0due,I love learning about social media and marketing. https://t.co/6fRsfRKNyf | https://t.co/jghnovIdKh,False,111,57,453,6304,60,2007-11-24 07:35:45,https://pbs.twimg.com/profile_images/476852224765603840/_hHkTPhv_normal.jpeg,False,False
110,"RT @NewstalkFM: A consultant paediatrician is calling for the allocation of ""massive resources"" to deal with the impact of the coronavirus‚Ä¶",2021-02-20 17:57:52,1363186120608124930,Chris Muldoon,ChrisMuldoon25,869220683397595140,Ardboe,,#Ardboe #Beatles #Boyzone  #Family #Friends,False,405,1000,13856,254,0,2017-05-29 15:55:35,https://pbs.twimg.com/profile_images/1206700937756196865/qdugSujk_normal.jpg,True,False
111,"RT @aedwardslevy: New: Nearly a year into the pandemic, I asked people across the U.s. to tell me in their own words what they miss most ab‚Ä¶",2021-02-20 17:57:52,1363186120071208968,Lauren Weber,LaurenWeberHP,106160229,"St Louis, MO",https://t.co/3BFNtVqhyn,Midwest Correspondent for @KHNews. Former @HuffPost reporter. @Georgetown alum. STL @Cardinals fan. The HP stands for health policy. LaurenW@kff.org,True,6925,3986,16241,6571,177,2010-01-18 17:53:31,https://pbs.twimg.com/profile_images/902958473868128262/WfJ1KsO-_normal.jpg,False,False
112,"RT @mi6rogue: Im told this is the membership of the ""Covid Recovery Group""
#coronavirus #Covid19UK https://t.co/TGGIKF41LR",2021-02-20 17:57:52,1363186119702175748,Sue Barnish üíô Save Lives - Wear a Mask üò∑,SueBarnish,746243075194793984,Citizen of Somewhere,,"Frustrated at injustice and inequality. Old enough to be fed up, young enough to feel hopeful. Struggling hard to suffer fools gladly.",False,6661,5096,219415,96140,3,2016-06-24 07:26:28,https://pbs.twimg.com/profile_images/856089926445793281/hGmPMNZo_normal.jpg,True,False
113,"RT @Mippcivzla: üìå ùôÑùô£ùôõùô§ÃÅùôßùô¢ùôñùô©ùôö üß¨ 

Reduce el riesgo de infecci√≥n del Coronavirus (Covid-19) con las siguientes medidas  al ir en un veh√≠culo‚Ä¶",2021-02-20 17:57:51,1363186117265264643,üåπRossy777,Rossy7773,1307340897680584705,,,"Venezuela üáªüá™, mi pa√≠s. üíõüíô‚ù§Ô∏è Mujer Guerrera de Amor üòöü¶ã S√≠gueme ‚ú®‚òïüç´",False,97,182,19,40030,0,2020-09-19 15:30:03,https://pbs.twimg.com/profile_images/1309648186278019073/fE5JaKzu_normal.jpg,True,False
114,"RT @ctxt_es: ""Hemos parecido olvidar algo fundamental: lo ideal es encontrar un f√°rmaco con acci√≥n antiviral, que sea capaz de abortar la e‚Ä¶",2021-02-20 17:57:51,1363186116413837321,Mar üîª,unka123,209752586,Murcia,,La vida es aquello que te va sucediendo mientras te empe√±as en hacer otros planes. John Lennon,False,1070,1091,3717,3577,6,2010-10-29 21:15:22,https://pbs.twimg.com/profile_images/378800000662116509/e1b4a6c1bb1a05a5885d9abb5d881365_normal.jpeg,False,False
115,"RT @NYC_SBS: Join us for First Read Coronavirus Update: Effect on Industry on 2/23 with: 

*@CityAndStateNY 
*@NYCMayorCounsel's Bess Chiu‚Ä¶",2021-02-20 17:57:51,1363186114530586631,Vicki Been,VickiBeen,1045425589,"New York, NY",,Deputy Mayor Housing & Econ Development @nycgov; Working to ensure this city opens doors for everyone the way it gave so much to me. Views are personal.,False,2033,875,928,1740,15,2012-12-29 17:02:26,https://pbs.twimg.com/profile_images/1051636229014507521/MU0FlvNK_normal.jpg,True,False
116,"RT @beltrandelrio: Alguien que reta permanentemente al coronavirus no usando cubrebocas, tarde o temprano se va a contagiar y va contagiar‚Ä¶",2021-02-20 17:57:49,1363186109207953410,I'Miguel A CF ¬Æ‚Ñ¢,Imiguel78,521043027,Le√≥n Gto.,,"Runner/Selfmade/ activista incansable/ fan a todos los deportes, so√±ador /Freethinker
Miguel √Ångel Calder√≥n Fern√°ndez +1524774169180",False,1220,4998,84577,105754,25,2012-03-11 05:38:53,https://pbs.twimg.com/profile_images/1107724492799787008/jLLgEHRV_normal.jpg,True,False
117,"RT @CNBC: United Airlines is betting on rapid coronavirus testing, and will be testing every passenger on certain trial flights in an attem‚Ä¶",2021-02-20 17:57:49,1363186105701568517,üíô Twintair ‚úàÔ∏èüåê,twintair737,3385729313,Lyon. France üá´üá∑,,"Bienvenue √† Twintair .. Un regard diff√©rent sur l'aviation. Et des clins d'≈ìil de la vie.
Merci pour votre visite ! .. Thank You For Your Visit! üíô‚úàÔ∏èüåê üëåüòâ",False,2286,4187,368698,71918,188,2015-07-21 11:15:16,https://pbs.twimg.com/profile_images/1179867606544769024/uF4DFwYQ_normal.jpg,True,False
118,"@packetsniffer99 @G118ERT Nope, I'm not seeing any data whatsoever, where is this data that demonstrates vaccinated‚Ä¶ https://t.co/2rVhpoJ16k",2021-02-20 17:57:48,1363186104267079683,Absquatulate - Gab: @Absquatulate1,airstripone84,108374171,England,https://t.co/LqDu5xSq1u,"‚úù Just a Christian man, with a camera. If the meek inherit the earth l'm screwed.. 
'Courage is not the absence of fear, it's the presence of faith'.",False,5144,4045,124012,46477,37,2010-01-25 18:59:43,https://pbs.twimg.com/profile_images/1296372346702438400/AYj8qn98_normal.jpg,True,False
119,RT @saraart4: @007Macronistan @Philipponphili1 @chriss17031 https://t.co/UvAoP0ImCZ,2021-02-20 17:57:48,1363186103608627206,Russel OPS,OBSRussel,1306629754012000259,,,toute r√©action positive ou n√©gative est bonne √† prendreüòâ,False,455,1626,24983,15589,0,2020-09-17 16:23:26,https://pbs.twimg.com/profile_images/1355853699696963588/5hNZuVqn_normal.jpg,True,False
120,"RT @hugopcortes: Ojal√° se recupere .. ü§î no se si era de esperarse que se contagiara.
Lo digo por aquella receta c√©lebre de ... ""No MENTIR,‚Ä¶",2021-02-20 17:57:48,1363186102421622787,Francisco DDC #LaR,Francis32252909,2919936727,,,Anti-lope-z Solo un simple ciudadano con amor a Mexico y en contra de todo lo que tenga que ver con el gobierno actual. #LaR,False,6636,5732,42197,12968,3,2014-12-05 18:45:56,https://pbs.twimg.com/profile_images/1151910188565372928/NmhcCBkS_normal.jpg,True,False
121,Vamos seguir com f√© e esperan√ßa para que a vacina√ß√£o no Amazonas seja ampliada o mais breve poss√≠vel. √â necess√°rio‚Ä¶ https://t.co/qOyJdVHClo,2021-02-20 17:57:47,1363186100974608391,Elisabeth Valeiko Ribeiro,ElisabethVR_,1242154419782856709,"Manaus, Amazonas",,"Arquiteta e Urbanista. Esposa do Neto, m√£e de cinco filhos e dois netos. ‚ù§Ô∏è",False,106,41,50,644,0,2020-03-23 18:23:16,https://pbs.twimg.com/profile_images/1285651529752608771/NiVCzz_0_normal.jpg,True,False
122,RT @CapitanBitcoin: Andaluc√≠a ya tiene super√°vit r√©cord de 3.159M‚Ç¨ (un +166% incluso con coronavirus). Son las mejores cifras econ√≥micas de‚Ä¶,2021-02-20 17:57:47,1363186100320231437,Costa Verde,CostaVerdeVox,2900840541,"Cudillero, Espa√±a",,üá™üá∏üá™üá∏üíöüíöüíöüá™üá∏üá™üá∏,False,8642,8678,24548,22395,5,2014-12-01 17:12:52,https://pbs.twimg.com/profile_images/1098980050467278849/K9z8xzhF_normal.png,False,False
123,"RT @tagesschau: Lauterbach: ""Wir sind am Beginn der dritten Welle"" https://t.co/F0Mla4J6U5 #Coronavirus #Lockerungen",2021-02-20 17:57:47,1363186099749867522,Marc Arendt^Valkyrie,EsportsValkyrie,446596075,,,"Studying Mediescience and Philosophy at @ruhrunibochum.
Ex-writer for @99damage and @dignitas, ex-agent of Bulldog CS and ex-editor for kioShiMa. @valkyriago",False,100,698,18006,4405,5,2011-12-25 22:51:05,https://pbs.twimg.com/profile_images/906683815778820096/SAUXhbWV_normal.jpg,False,False
124,"RT @rep_roma: Coronavirus Roma, chiusure a Trastevere e via del Corso. Folla sul litorale e parchi gremiti [aggiornamento delle 18:43] http‚Ä¶",2021-02-20 17:57:47,1363186097535205377,naros,nross_namros,1190270883572715520,No where,,M√©decin √† la retraite..,False,180,393,15321,18690,1,2019-11-01 14:14:50,https://pbs.twimg.com/profile_images/1197094436162932736/HLzTE10R_normal.jpg,True,False
125,"#ReporteDiario
El Subsecretario Hugo L√≥pez-Gatell da Positivo a #Coronavirus

https://t.co/Y4KuilreAY https://t.co/ztuW9sWHch",2021-02-20 17:57:46,1363186096817979401,PluriMedios,PluriMedios,1025421830704779264,,,,False,1421,342,4,1372,6,2018-08-03 16:43:10,https://pbs.twimg.com/profile_images/1350899744080592901/0rByeIgm_normal.jpg,True,False
126,RT @marwilliamson: Until governments deal w/ climate change as the existential crisis it is - moving as urgently as we need to in order to‚Ä¶,2021-02-20 17:57:46,1363186094963974155,Shannon Bucci,shananigans2121,1268581891843649536,Los Angeles/Denver,,Actor ‚Ä¢ Writer ‚Ä¢ Editor ‚Ä¢ Photographer ‚Ä¢ Hiker ‚Ä¢ Adv. Reiki Pract. ‚Ä¢ Activist ‚Ä¢ Feminist ‚Ä¢ Conservationist ‚Ä¢ Abolitionist ‚Ä¢ Organizer‚úäüèø‚úäüèº‚úä‚úäüèΩ‚úäüèª‚úäüèæüåà üåéüåä#FBR,False,872,2026,17123,1199,1,2020-06-04 16:35:10,https://pbs.twimg.com/profile_images/1300458576461340672/87lINa6Z_normal.jpg,True,False
127,"RT @tagesschau: Lauterbach: ""Wir sind am Beginn der dritten Welle"" https://t.co/F0Mla4J6U5 #Coronavirus #Lockerungen",2021-02-20 17:57:45,1363186092988596224,HI! Thomas Franke,HIThomasFranke,1203313156141043712,"L√ºbeck, Germany",https://t.co/PKwhcl8iGO,"Professor of #EngineeringPsychology @UniLuebeck who aims to bring data to life to find the ultimate metric of ""good"" technology. #Sustainable #Digital #Humanity",False,1154,1356,3576,5121,12,2019-12-07 14:00:46,https://pbs.twimg.com/profile_images/1205082776082485248/VHsRE4Jx_normal.jpg,True,False
128,"Diese 4 Personen spielen am Montag in unserer Sendung eine besondere Rolle, weil ihre Branchen sehr von der Krise b‚Ä¶ https://t.co/NUb0f1gpqZ",2021-02-20 17:57:45,1363186092820717575,Fakt ist!,faktist,851727823555440640,"Leipzig, Deutschland",,Fakt ist! Der w√∂chentliche Polit-Talk des MDR aus Mitteldeutschland.,False,1045,451,151,1538,19,2017-04-11 09:25:12,https://pbs.twimg.com/profile_images/897845803095654400/DcgKT4AL_normal.jpg,False,False
129,Coronavirus. Hugo L√≥pez-Gatell @HLGatell da positivo a Covid-19 https://t.co/3kTqOskIP3,2021-02-20 17:57:45,1363186089914077187,Paco Monta√±o,paco_monlo,1426523124,,,cerrado por derribo,False,194,535,981,19590,3,2013-05-13 22:46:11,https://pbs.twimg.com/profile_images/753076957013798912/cr6_eGni_normal.jpg,True,False
130,"@LokaalGeld Volkskrant is dus een grote leugenkrant. Had ook niet anders verwacht.
""geen straf voor vaccinatieweige‚Ä¶ https://t.co/a112WYcg1R",2021-02-20 17:57:43,1363186080871251970,We Gotta Get Out Of This Place ‚úùÔ∏è,Steve_ice_t,50577417,,,"Mijn tweets hebben een houdbaarheidsdatum.

-Alleen valsspelers zijn beter dan ik-
-Integriteit vormt de basis van het vertrouwen-",False,68,148,219,232,2,2009-06-25 07:04:12,https://pbs.twimg.com/profile_images/1321233619936043011/p4S3Likj_normal.jpg,True,False
131,RT @infobaeamerica: Chile ya vacun√≥ a casi 3 millones de personas contra el coronavirus | Por Cristi√°n Torres https://t.co/D1zWk0zgXh https‚Ä¶,2021-02-20 17:57:42,1363186078275018763,Carlitos Florentin,FlorentinCarlos,353757913,As - Py on line,http://t.co/Al0QwCCskz,Voice Over en https://t.co/3QvuWBhPX2 https://t.co/Wx35hmG3Tn https://t.co/GfV2J8xKPt  https://t.co/wmBOzGTzR4,False,2156,2858,14636,17460,4,2011-08-12 15:56:34,https://pbs.twimg.com/profile_images/1190581938719010816/5253xOzu_normal.jpg,False,False
132,"RT @Mippcivzla: üó£Ô∏è ¬°ùêìùêéùêåùêÄ ùêèùêëùêÑùêÇùêÄùêîùêÇùêàùêéÃÅùêç ! ‚úçÔ∏èüáªüá™ 

Ya que el Coronavirus se puede transmitir f√°cilmente de persona a persona, es necesario adopt‚Ä¶",2021-02-20 17:57:42,1363186076601495552,Luis,Luis40594308,1356213940783611907,,,Amo a mi Venezuela querida,False,118,71,149,1884,0,2021-02-01 12:13:18,https://pbs.twimg.com/profile_images/1356214234200354816/0kuOjHNx_normal.jpg,True,False
133,"[2/3] 

Further analysis will be tweeted later this evening. 

Sources: 
https://t.co/PoV0wY7VNu
https://t.co/RJr4ytHnHJ",2021-02-20 17:57:41,1363186076014288898,Anne McKay üíô,AnneJMcKay,3192825622,"Ascot, South East",,"Interests: current affairs, diabetes, autism, mental health, statistics, dogs. This is my personal account, I do #COVID19 stats & information as a sideline.",False,383,273,7018,8837,6,2015-04-21 23:30:02,https://pbs.twimg.com/profile_images/1194982007975092224/UdM-49c6_normal.jpg,False,False
134,"RT @_SantosTrinidad: Que entra√±able es esta se√±ora, siempre con sus mensajes llenos de vida y optimismo. En Punxsutawney tienen a Phil, aqu‚Ä¶",2021-02-20 17:57:41,1363186075833954305,Vicente Toro Espa√±ol,Guerrero_1492,962394007711178752,,,"Pol√≠ticamente Incorrecto, Sincero,,Identitario y Patriota hasta la M√©dula.Harto de Hip√≥critas,Cobardes,C√≠nicos,Traidores Corruptos y Mentirosos",False,1924,2175,94875,95395,3,2018-02-10 18:33:06,https://pbs.twimg.com/profile_images/962396084730564609/VlLrsoHZ_normal.jpg,False,False
135,"RT @Mippcivzla: üó£Ô∏è ¬°ùêìùêéùêåùêÄ ùêèùêëùêÑùêÇùêÄùêîùêÇùêàùêéÃÅùêç ! ‚úçÔ∏èüáªüá™ 

Ya que el Coronavirus se puede transmitir f√°cilmente de persona a persona, es necesario adopt‚Ä¶",2021-02-20 17:57:41,1363186075007672335,Ediover Castellano,EdioverCastell1,1166177042569846784,trujillo,,Dios bendice mi amada Venezuela!,False,2979,3258,471,60100,2,2019-08-27 02:34:28,https://pbs.twimg.com/profile_images/1166177251072892929/UikvTFQ2_normal.jpg,True,False
136,"RT @PP_te_patea: ""Hugo L√≥pez-Gatell se merec√≠a contagiarse de Coronavirus por no saber manejar la pandemia, que renuncie el Dr. Muerte"" - A‚Ä¶",2021-02-20 17:57:41,1363186074378469380,Ariel Cardona,AlanAriel_RdzC,1002959648469573633,"Monterrey, Nuevo Le√≥n",,Am Ende bedeutet die Vergangenheit nichts.,False,66,689,36076,19251,0,2018-06-02 17:06:29,https://pbs.twimg.com/profile_images/1359195088157564928/ydJ_ETIe_normal.jpg,True,False
137,"RT @HugoGloss: O estado do Acre tem vivido um momento muito dif√≠cil nas √∫ltimas semanas, e clama por ajuda! De acordo com a Secretaria de E‚Ä¶",2021-02-20 17:57:41,1363186072394596355,Rei Louco üêâ / Jos√©lia Fan,joselia_fan,1095870643416023040,"Acre, Brasil",,Relatividade e etc,False,91,157,19879,4425,0,2019-02-14 02:21:36,https://pbs.twimg.com/profile_images/1268588918087331840/ohgrw6vF_normal.jpg,True,False
138,"RT @stocktoncouncil: Residents WITHOUT #coronavirus symptoms can get tested - but must book in advance.

There's three testing sites:

üëâ Bi‚Ä¶",2021-02-20 17:57:40,1363186068980400133,Cllr Luke John Frost,LukeJohnFrost,37685450,"Teesside, Girona, Prague ",,"Small Business Owner, Independent Councillor, Fire Authority Exec, School Governor, National Fire Commission, @MclarenF1 Mega Fan",False,1149,349,6861,19363,33,2009-05-04 15:40:38,https://pbs.twimg.com/profile_images/1350541620899438594/JI3cnPeB_normal.jpg,False,False
139,"RT @freespiritus: 7/ Since September, @GovCanHealth has accepted that the virus is predominantly spread by aerosols, tiny microscopic dropl‚Ä¶",2021-02-20 17:57:40,1363186067956981762,tamalama,tamalama67,1235618116266119168,Northern Canada,,Reclusive Canadian.  Mother.  Friend.  Advocate.,False,1139,1520,28603,14626,1,2020-03-05 17:28:24,https://pbs.twimg.com/profile_images/1315543411764592640/u_GWhFNh_normal.jpg,True,False
140,That look when you tell them you're not a #liberal &amp; you don't support #Trump. #political #politics #election #news‚Ä¶ https://t.co/299y1Z9vce,2021-02-20 17:57:39,1363186067583729674,LimitlessWON,LimitlessWon,1233810745386618880,"Gilbert, AZ",https://t.co/KnbWYLVqbt,https://t.co/KnbWYLVqbt,False,60,802,633,551,2,2020-02-29 17:46:33,https://pbs.twimg.com/profile_images/1352597272438034432/RgUlUgK5_normal.jpg,True,False
141,RT @marwilliamson: Until governments deal w/ climate change as the existential crisis it is - moving as urgently as we need to in order to‚Ä¶,2021-02-20 17:57:39,1363186066472144896,JB,secondtimefarce,116053626,Earth,http://t.co/YXvY2yCDpn,"""Peace is the only battle worth waging."" Albert Camus",False,207,2468,5837,12526,5,2010-02-21 00:26:41,https://pbs.twimg.com/profile_images/1101022112129650688/qskMljXH_normal.jpg,False,False
142,"RT @JESUS28891216: Luis Enjuanes desvela algo desconocido de Pedro S√°nchez: ""Lo ha hecho ya varias veces"",nos llama todos los meses.
El vir‚Ä¶",2021-02-20 17:57:39,1363186065977323522,Ontiverore,OntiveroRebollo,1206230624232759298,,,,False,493,758,47333,17281,1,2019-12-15 15:13:04,https://pbs.twimg.com/profile_images/1313536429688057856/9mw7zD5__normal.jpg,True,False
143,"RT @berniespofforth: It‚Äôs actually funny. Now they‚Äôve decided cloth masks don‚Äôt work ü§∑‚Äç‚ôÄÔ∏è 

So is it ok for me to say it now? 

https://t.c‚Ä¶",2021-02-20 17:57:39,1363186065402699781,Richard üôÇ,ToonFly73,52477148,Surrey,,...most men and women will grow up to love their servitude and will never dream of revolution.,False,64,98,20883,3078,0,2009-06-30 18:36:14,https://pbs.twimg.com/profile_images/1349394353215721478/m-_fFOgw_normal.jpg,True,False
144,"RT @KenRoth: Why is Beijing refusing to share with WHO:
1. Anonymized case information on the half of the Dec 2019 Covid cases with no conn‚Ä¶",2021-02-20 17:57:39,1363186064534368264,Krissehnin,krissehnin,1356687162813595653,,,,False,84,155,698,1072,0,2021-02-02 19:34:30,https://pbs.twimg.com/profile_images/1356997303454720000/lyfzykXn_normal.jpg,True,False
145,"Alguien que reta permanentemente al coronavirus no usando cubrebocas, tarde o temprano se va a contagiar y va conta‚Ä¶ https://t.co/GywEaW4Mza",2021-02-20 17:57:39,1363186064328953859,Pascal BeltrandelRio,beltrandelrio,34718178,Ciudad de M√©xico,https://t.co/UIAU23HP9u,Periodista. Chihuahuense. Dem√≥crata. Rockero. Director editorial de Exc√©lsior. Conductor de la Primera Emisi√≥n de Imagen Radio (90.5 FM). Conferencista üá≤üáΩüá´üá∑,True,712915,10958,92275,183592,2965,2009-04-23 20:24:14,https://pbs.twimg.com/profile_images/1245504383187447810/o0Uv8s6B_normal.jpg,False,False
146,RT @BW: Some of the best coronavirus forecasts came from a then 26-year-old hobbyist working out of his parents‚Äô living room https://t.co/l‚Ä¶,2021-02-20 17:57:38,1363186062877622273,Tony Chin,TonyChin,25532738,"Palo Alto, Tokyo or Yokohama",https://t.co/m2BRDPbGyA,"Corporate mercenary turned visiting professor.  Will twit in Japanese, English & Chinese, Starups ÈÑ≠ÊàêÂäü„ÅÆÊú´Ë£î ÂñúÊÑõÁ∑¥Ê≠¶ ÂÖ´Ê•µ ÂÖ´Âç¶ ÁáïÈùí",False,1210,2568,20298,28491,92,2009-03-20 16:47:23,https://pbs.twimg.com/profile_images/863806651811352576/u9em1dlO_normal.jpg,True,False
147,"RT @frontlinepbs: Chinese scientists and doctors, international disease experts and health officials reveal missed opportunities to suppres‚Ä¶",2021-02-20 17:57:38,1363186062147809282,truehongkonger51,truehongkonger3,1270028507142221826,,,Determined. #standwithhongkong,False,14,3,8272,8288,0,2020-06-08 16:22:52,https://pbs.twimg.com/profile_images/1270030288052092928/rGox_aC2_normal.jpg,True,False
148,RT @OZlive: Die Tafeln in MV versorgen trotz Corona-Lockdown Tausende Bed√ºrftige mit Lebensmitteln. Teilweise erhalten die Tafeln aber weni‚Ä¶,2021-02-20 17:57:37,1363186057731313669,Angela Bodden,AngelaBodden56,756547273882996736,"R√ºgen, Mecklenburg-Vorpommern",,"Ostsee, Strand, Raeucherfisch",False,37,164,5418,3926,0,2016-07-22 17:51:40,https://pbs.twimg.com/profile_images/1298625482880057346/j830N5FI_normal.jpg,True,False
149,"RT @crackedscience: The BioCloud wall-mounted air monitor, alleged to detect the coronavirus, has already received $2 mil from the Ontario‚Ä¶",2021-02-20 17:57:37,1363186056749867009,LargeCapJT,SmallCapJT,764128520834584577,,,"DD, Chart, Invest, Trade.",False,1730,392,20068,10041,18,2016-08-12 15:56:51,https://pbs.twimg.com/profile_images/1044743016181891072/XmfJCDGe_normal.jpg,True,False
